[
  {
    "Link":"JuliTony",
    "Nombre":"Julita y Toni",
    "Apellido":"",
    "Paga":"no",
    "Pareja":false,
    "Acompanante":false
  },
  {
    "Link":"Ana",
    "Nombre":"Ana",
    "Apellido":"Alcaraz",
    "Paga":"si",
    "Pareja":false,
    "Acompanante":true
  },
  {
    "Link":"AryNaho",
    "Nombre":"Ary y Naho",
    "Apellido":"",
    "Paga":"si",
    "Pareja":false,
    "Acompanante":false
  },
  {
    "Link":"Demian",
    "Nombre":"Demian",
    "Apellido":"",
    "Paga":"si",
    "Pareja":false,
    "Acompanante":false
  },
  {
    "Link":"Tati",
    "Nombre":"Tati",
    "Apellido":"",
    "Paga":"si",
    "Pareja":true,
    "Acompanante":false
  },
  {
    "Link":"Cush",
    "Nombre":"Daniel",
    "Apellido":"Alcaraz",
    "Paga":"no",
    "Pareja":false,
    "Acompanante":false
  },
  {
    "Link":"MiguelGue",
    "Nombre":"Miguel",
    "Apellido":"Guerrero",
    "Paga":"no",
    "Pareja":false,
    "Acompanante":false
  },
  {
    "Link":"GiselaGue",
    "Nombre":"Gisela",
    "Apellido":"Guerrero",
    "Paga":"no",
    "Pareja":false,
    "Acompanante":false
  },
  {
    "Link":"Picurus",
    "Nombre":"Picurus",
    "Apellido":"Guerrero",
    "Paga":"si",
    "Pareja":false,
    "Acompanante":false
  },
  {
    "Link":"Chuli",
    "Nombre":"Chuli",
    "Apellido":"Guerrero",
    "Paga":"si",
    "Pareja":false,
    "Acompanante":false
  },
  {
    "Link":"Polo",
    "Nombre":"Polo",
    "Apellido":"",
    "Paga":"no",
    "Pareja":false,
    "Acompanante":false
  },
  {
    "Link":"CarinaLeg",
    "Nombre":"Carina",
    "Apellido":"Leguiza",
    "Paga":"si",
    "Pareja":false,
    "Acompanante":false
  },
  {
    "Link":"CarlaLeg",
    "Nombre":"Carla",
    "Apellido":"Leguiza",
    "Paga":"si",
    "Pareja":false,
    "Acompanante":false
  },
  {
    "Link":"DamianCha",
    "Nombre":"Damian",
    "Apellido":"Chaile",
    "Paga":"si",
    "Pareja":false,
    "Acompanante":false
  },
  {
    "Link":"FrancoLeg",
    "Nombre":"Franco",
    "Apellido":"Leguiza",
    "Paga":"no",
    "Pareja":false,
    "Acompanante":false
  },
  {
    "Link":"LuciLeh",
    "Nombre":"Luci",
    "Apellido":"Lehmann",
    "Paga":"si",
    "Pareja":false,
    "Acompanante":false
  },
  {
    "Link":"GabrielayGustavo",
    "Nombre":"Gabriela y Gustavo",
    "Apellido":"Lehmann",
    "Paga":"si",
    "Pareja":false,
    "Acompanante":false
  },
  {
    "Link":"LuccaLeh",
    "Nombre":"Lucca",
    "Apellido":"Lehmann",
    "Paga":"si",
    "Pareja":false,
    "Acompanante":false
  },
  {
    "Link":"BrunoLeg",
    "Nombre":"Bruno",
    "Apellido":"Leguiza",
    "Paga":"no",
    "Pareja":false,
    "Acompanante":true
  },
  {
    "Link":"Sol",
    "Nombre":"Sol",
    "Apellido":"",
    "Paga":"si",
    "Pareja":false,
    "Acompanante":false
  },
  {
    "Link":"Eric",
    "Nombre":"Eric",
    "Apellido":"",
    "Paga":"si",
    "Pareja":false,
    "Acompanante":false
  },
  {
    "Link":"CamiLeg",
    "Nombre":"Cami",
    "Apellido":"",
    "Paga":"si",
    "Pareja":false,
    "Acompanante":false
  },
  {
    "Link":"LuccaCam",
    "Nombre":"Lucca",
    "Apellido":"Cami",
    "Paga":"si",
    "Pareja":false,
    "Acompanante":false
  },
  {
    "Link":"GiuliLe",
    "Nombre":"Giuli",
    "Apellido":"",
    "Paga":"si",
    "Pareja":false,
    "Acompanante":false
  },
  {
    "Link":"SebaPe",
    "Nombre":"Seba",
    "Apellido":"Pela",
    "Paga":"si",
    "Pareja":false,
    "Acompanante":false
  },
  {
    "Link":"CristiLeg",
    "Nombre":"Cristi y Fito",
    "Apellido":"",
    "Paga":"si",
    "Pareja":false,
    "Acompanante":false
  },
  {
    "Link":"JoniyJuli",
    "Nombre":"Joni y Juli",
    "Apellido":"",
    "Paga":"si",
    "Pareja":false,
    "Acompanante":false
  },
  {
    "Link":"Wachi",
    "Nombre":"Wachi",
    "Apellido":"",
    "Paga":"si",
    "Pareja":false,
    "Acompanante":false
  },
  {
    "Link":"Charly",
    "Nombre":"Charly",
    "Apellido":"",
    "Paga":"si",
    "Pareja":false,
    "Acompanante":false
  },
  {
    "Link":"AntoGua",
    "Nombre":"Anto",
    "Apellido":"",
    "Paga":"si",
    "Pareja":false,
    "Acompanante":false
  },
  {
    "Link":"FrancoVi",
    "Nombre":"Franco",
    "Apellido":"Vial",
    "Paga":"si",
    "Pareja":false,
    "Acompanante":false
  },
  {
    "Link":"DarioDa",
    "Nombre":"Dario",
    "Apellido":"Dario",
    "Paga":"si",
    "Pareja":false,
    "Acompanante":false
  },
  {
    "Link":"ValenDa",
    "Nombre":"Valen",
    "Apellido":"Dario",
    "Paga":"si",
    "Pareja":false,
    "Acompanante":false
  },
  {
    "Link":"JorgeBu",
    "Nombre":"Jorge",
    "Apellido":"Bustamante",
    "Paga":"si",
    "Pareja":false,
    "Acompanante":false
  },
  {
    "Link":"CristianCon",
    "Nombre":"Cristian",
    "Apellido":"Condori",
    "Paga":"si",
    "Pareja":true,
    "Acompanante":false
  },
  {
    "Link":"TamiyAle",
    "Nombre":"Tami y Ale",
    "Apellido":"",
    "Paga":"si",
    "Pareja":false,
    "Acompanante":false
  },
  {
    "Link":"Ruth",
    "Nombre":"Ruth",
    "Apellido":"",
    "Paga":"no",
    "Pareja":false,
    "Acompanante":true
  },
  {
    "Link":"Ramiro",
    "Nombre":"Ramiro",
    "Apellido":"",
    "Paga":"si",
    "Pareja":false,
    "Acompanante":false
  },
  {
    "Link":"PabloOca",
    "Nombre":"Pablo",
    "Apellido":"Ocampo",
    "Paga":"si",
    "Pareja":false,
    "Acompanante":false
  },
  {
    "Link":"Gaston y Sol",
    "Nombre":"Gaston y Sol",
    "Apellido":"",
    "Paga":"si",
    "Pareja":false,
    "Acompanante":false
  },
  {
    "Link":"DaniAlv",
    "Nombre":"Dani",
    "Apellido":"Alvarez",
    "Paga":"si",
    "Pareja":false,
    "Acompanante":true
  },
  {
    "Link":"Ruly y Pame",
    "Nombre":"Ruly y Pame",
    "Apellido":"",
    "Paga":"si",
    "Pareja":false,
    "Acompanante":false
  },
  {
    "Link":"Guido",
    "Nombre":"Guido",
    "Apellido":"",
    "Paga":"si",
    "Pareja":true,
    "Acompanante":false
  },
  {
    "Link":"Eze",
    "Nombre":"Eze",
    "Apellido":"",
    "Paga":"si",
    "Pareja":false,
    "Acompanante":true
  },
  {
    "Link":"Ruso",
    "Nombre":"Ruso",
    "Apellido":"",
    "Paga":"si",
    "Pareja":true,
    "Acompanante":false
  },
  {
    "Link":"FabiyNahir",
    "Nombre":"Fabi y Nahir",
    "Apellido":"",
    "Paga":"si",
    "Pareja":false,
    "Acompanante":false
  },
  {
    "Link":"fabi amigo 1 y 2",
    "Nombre":"fabi amigo 1 y 2",
    "Apellido":"",
    "Paga":"si",
    "Pareja":false,
    "Acompanante":false
  },
  {
    "Link":"Juampi",
    "Nombre":"Juampi",
    "Apellido":"",
    "Paga":"no",
    "Pareja":false,
    "Acompanante":true
  },
  {
    "Link":"Sara",
    "Nombre":"Sara",
    "Apellido":"",
    "Paga":"si",
    "Pareja":false,
    "Acompanante":false
  },
  {
    "Link":"Maxi",
    "Nombre":"Maxi",
    "Apellido":"",
    "Paga":"si",
    "Pareja":false,
    "Acompanante":false
  },
  {
    "Link":"MiguelUnder",
    "Nombre":"Migue",
    "Apellido":"",
    "Paga":"si",
    "Pareja":true,
    "Acompanante":false
  },
  {
    "Link":"PameUnder",
    "Nombre":"Pame",
    "Apellido":"",
    "Paga":"si",
    "Pareja":false,
    "Acompanante":false
  },
  {
    "Link":"MatiUnder",
    "Nombre":"Mati",
    "Apellido":"",
    "Paga":"si",
    "Pareja":false,
    "Acompanante":false
  },
  {
    "Link":"Capocha",
    "Nombre":"Capocha",
    "Apellido":"",
    "Paga":"si",
    "Pareja":true,
    "Acompanante":false
  },
  {
    "Link":"LuisDj",
    "Nombre":"Luis",
    "Apellido":"Dj",
    "Paga":"si",
    "Pareja":true,
    "Acompanante":false
  },
  {
    "Link":"PabloDj",
    "Nombre":"Pablo",
    "Apellido":"Dj",
    "Paga":"si",
    "Pareja":false,
    "Acompanante":true
  },
  {
    "Link":"AlejandroFot",
    "Nombre":"Alejandro",
    "Apellido":"Foto",
    "Paga":"si",
    "Pareja":true,
    "Acompanante":false
  },
  {
    "Link":"LucasPing",
    "Nombre":"Pingüino y Mai",
    "Apellido":"Pingüino",
    "Paga":"si",
    "Pareja":false,
    "Acompanante":false
  },
  {
    "Link":"GuilleyAle",
    "Nombre":"Guille y Ale",
    "Apellido":"",
    "Paga":"si",
    "Pareja":false,
    "Acompanante":false
  },
  {
    "Link":"MartaLa",
    "Nombre":"Marta",
    "Apellido":"",
    "Paga":"si",
    "Pareja":false,
    "Acompanante":false
  },
  {
    "Link":"PabloFonde",
    "Nombre":"Pablo",
    "Apellido":"Primo",
    "Paga":"si",
    "Pareja":false,
    "Acompanante":false
  },
  {
    "Link":"SantiyAgus",
    "Nombre":"Santi y Agus",
    "Apellido":"",
    "Paga":"si",
    "Pareja":false,
    "Acompanante":false
  },
  {
    "Link":"LaurayMauro",
    "Nombre":"Laura y Mauro",
    "Apellido":"",
    "Paga":"si",
    "Pareja":false,
    "Acompanante":false
  },
  {
    "Link":"JuanyAnto",
    "Nombre":"Juan y Anto",
    "Apellido":"",
    "Paga":"si",
    "Pareja":false,
    "Acompanante":false
  },
  {
    "Link":"DiegoyDafne",
    "Nombre":"Diego y Dafne",
    "Apellido":"Farm",
    "Paga":"si",
    "Pareja":false,
    "Acompanante":false
  },
  {
    "Link":"RenzoFa",
    "Nombre":"Renzo",
    "Apellido":"Farm",
    "Paga":"si",
    "Pareja":true,
    "Acompanante":false
  },
  {
    "Link":"BelenFa",
    "Nombre":"Belen, Seba y Oru",
    "Apellido":"Farm",
    "Paga":"si",
    "Pareja":false,
    "Acompanante":false
  },
  {
    "Link":"CeleFa",
    "Nombre":"Cele",
    "Apellido":"Farm",
    "Paga":"si",
    "Pareja":false,
    "Acompanante":false
  },
  {
    "Link":"NatiyAle",
    "Nombre":"Nati y Ale",
    "Apellido":"Farm",
    "Paga":"si",
    "Pareja":false,
    "Acompanante":false
  },
  {
    "Link":"JuliFa",
    "Nombre":"Juli y Maxi",
    "Apellido":"Farm",
    "Paga":"si",
    "Pareja":false,
    "Acompanante":false
  },
  {
    "Link":"RebeFa",
    "Nombre":"Rebe",
    "Apellido":"Farm",
    "Paga":"si",
    "Pareja":true,
    "Acompanante":false
  },
  {
    "Link":"JoaFa",
    "Nombre":"Joa",
    "Apellido":"Farm",
    "Paga":"si",
    "Pareja":true,
    "Acompanante":false
  },
  {
    "Link":"NicoFa",
    "Nombre":"Nico",
    "Apellido":"Farm",
    "Paga":"si",
    "Pareja":false,
    "Acompanante":false
  },
  {
    "Link":"AldiFa",
    "Nombre":"Aldi",
    "Apellido":"Farm",
    "Paga":"si",
    "Pareja":false,
    "Acompanante":false
  },
  {
    "Link":"FrancoFa",
    "Nombre":"Franco",
    "Apellido":"Farm",
    "Paga":"si",
    "Pareja":false,
    "Acompanante":false
  },
  {
    "Link":"NelsonFa",
    "Nombre":"Nelson",
    "Apellido":"Farm",
    "Paga":"si",
    "Pareja":false,
    "Acompanante":true
  },
  {
    "Link":"Edgard",
    "Nombre":"Edgard",
    "Apellido":"",
    "Paga":"si",
    "Pareja":false,
    "Acompanante":false
  },
  {
    "Link":"YuliMe",
    "Nombre":"Yuli",
    "Apellido":"Mendez",
    "Paga":"si",
    "Pareja":true,
    "Acompanante":false
  },
  {
    "Link":"AgusMe",
    "Nombre":"Agus",
    "Apellido":"Mendez",
    "Paga":"si",
    "Pareja":true,
    "Acompanante":false
  },
  {
    "Link":"AxelMe",
    "Nombre":"Axel",
    "Apellido":"Mendez",
    "Paga":"si",
    "Pareja":true,
    "Acompanante":false
  },
  {
    "Link":"LeoyRoxana",
    "Nombre":"Leo y Roxana",
    "Apellido":"Mendez",
    "Paga":"si",
    "Pareja":false,
    "Acompanante":false
  },
  {
    "Link":"Luciano",
    "Nombre":"Luciano",
    "Apellido":"",
    "Paga":"si",
    "Pareja":true,
    "Acompanante":false
  },
  {
    "Link":"Jimena",
    "Nombre":"Jimena",
    "Apellido":"",
    "Paga":"si",
    "Pareja":false,
    "Acompanante":false
  },
  {
    "Link":"CariyAldo",
    "Nombre":"Cari y Aldo",
    "Apellido":"Mendez",
    "Paga":"si",
    "Pareja":false,
    "Acompanante":false
  },
  {
    "Link":"IvanyAda",
    "Nombre":"Ivan y Ada",
    "Apellido":"",
    "Paga":"si",
    "Pareja":false,
    "Acompanante":false
  },
  {
    "Link":"Saulo",
    "Nombre":"Saulo",
    "Apellido":"",
    "Paga":"si",
    "Pareja":false,
    "Acompanante":false
  },
  {
    "Link":"MiguelyMoni",
    "Nombre":"Miguel y Moni",
    "Apellido":"",
    "Paga":"si",
    "Pareja":false,
    "Acompanante":false
  }
]